<?xml version="1.0" encoding="UTF-8"?>  
<beans
    xmlns="http://www.springframework.org/schema/beans"  
    xmlns:xsi="http://www.w3.org/2001/XMLSchema-instance"  
xmlns:p="http://www.springframework.org/schema/p"  
xsi:schemaLocation="http://www.springframework.org/schema/beans  
http://www.springframework.org/schema/beans/spring-beans-3.0.xsd">


 <bean id="student" class="com.edubridge.myspring.Student" >

<property name="name" value="Rajeshwari"></property>
<property name="id" value="123"></property>

</bean>
<!--<bean id="employee" class="com.edubridge.myspring.Employee" >
<property name="empId" value="143"></property>
<property name="salary" value="10000"></property>
<property name="empName" value="Rani"></property>
<property name="address" ref="address"></property>
</bean>

-->
<bean id="employee" class="com.edubridge.myspring.Employee" >
<constructor-arg value="123" type="int"></constructor-arg>
<constructor-arg value="Rathna"></constructor-arg>
<constructor-arg value="15000" type="int"></constructor-arg>
<constructor-arg ref="address"></constructor-arg >
</bean>
<bean id="address" class="com.edubridge.myspring.Address">
<property name="city" value="bangalore"></property>
</bean>
</beans>

